,category
0,Compote
1,Coffee
2,Oats
3,Pasta
4,Oil
5,Broth
6,Cereal
7,Conditioner
8,Bars
9,Sauce
10,Juice
11,Fizz
12,Spritzer
13,8ct
14,Chips
15,Bites
16,Gibag
17,Collection
18,Eucalyptus
19,Brew
20,Smoothie
21,Strips
22,Taquitos
23,Classic
24,Water
25,Yogurt
26,Shampoo
27,Creme
28,Dessert
29,supplement
30,Rinds
31,Tea
32,Organic
33,Steak
34,Rose
35,Beverage
36,Sleeve
37,Mac
38,Broccoli
39,Eclair
40,Single
41,Coconut
42,Chard
43,Kale
44,Tomato
45,Shrimp
46,Model
47,Cheese
48,Cream
49,Hummus
50,Blondie
51,Brownie
52,Muffins
53,Beans
54,Blend
55,Blush
56,Dip
57,Potatoes
58,Sprouts
59,Soup
60,Puffs
61,Granola
62,Sausage
63,Rolls
64,Hashbrowns
65,Rice
66,Artichoke
67,Baguettes
68,Green
69,Drink
70,Glaze
71,Paste
72,Marshmallows
73,Milk
74,Lotion
75,Lasagna
76,Snack
77,Elbows
78,Farfalle
79,Fusilli
80,Mouthwash
81,Pack
82,Parmesan
83,Crackers
84,Shot
85,Almond
86,Shave
87,Honey
88,Wash
89,Patchouli
90,Cookies
91,Cauliflower
92,Salt
93,Tortilla
94,Soap
95,Spray
96,Chickpeas
97,Agave
98,Lemonade
99,Shortcake
100,Macaroni
101,Spread
102,Soy
103,Watermelon
104,Ginger
105,Espresso
106,Balm
107,Noodles
108,Torrone
109,Fondente
110,Gelato
111,Budino
112,Chocolate
113,Puro
114,Flakes
115,Bacon
116,Toothpaste
117,Sweetener
118,Dickason
119,Gel
120,Bath
121,Essential Oil
122,Roast
123,File
124,Spf
125,Lentil
126,Pad
127,Gum
128,Brush
129,Miso
130,Strawberries
131,Oxidants
132,Fuel
133,Essentials
134,Beef
135,Bomb
136,Towelettes
137,Detangler
138,Cherries
139,Mist
140,Chee
141,Sauerkraut
142,Kraut
143,Herbal
144,Pickles
145,Powder
146,Salmon
147,Butter
148,Formula
149,Mix
150,Verbenone
151,Multiplier
152,Hearts
153,Lemon
154,Dijon
155,Ylang
156,Solution
157,Seeds
158,Wipes
159,Face
160,Towel
161,Deodorant
162,Almondmilk
163,Mozzarella
164,Cheddar
165,Hand
166,Crisps
167,Passionfruit
168,Curd
169,Marionberry
170,Pads
171,Chuao
172,Mango
173,Goodness
174,Kombucha
175,Twirl
176,Harissa
177,Maya
178,Flatbread
179,Box
180,Crottin
181,Gouda
182,Chili
183,Lime
184,Strawberry
185,Orange
186,Feta
187,Olives
188,Ice Cream
189,Cacao
190,Pure
191,Artichokes
192,Vanilla
193,Raspberry
194,Jack
195,Peppers
196,Stringles
197,Baking
198,Mate
199,Shake
200,Cakes
201,Apple
202,Care
203,Blueberry
204,Floss
205,Stick
206,Syrup
207,Chamomile
208,Salame
209,Salami
210,Trouble
211,Hologram
212,Number
213,Serum
214,Tube
215,Toothbrush
216,Cleanser
217,Mussels
218,Crust
219,Cutlets
220,Red
221,Cider
222,Tarchiette
223,Spinach
224,Beer
225,Linguine
226,Peas
227,Mirepoix
228,Mayo
229,Rosemary
230,Bouquet
231,Tremor
232,Lactose
233,Finocchiona
234,Chorizo
235,Garlic
236,Vinegar
237,Citrus
238,Plain
239,Melts
240,Chub
241,Roll
242,Bellavitano
243,Merlot
244,Flour
245,Seasoning
246,Black
247,Pizza
248,Ranch
249,coffee
250,Lamb
251,Potato
252,Perfectto
253,Decaf
254,Bleu
255,Paris
256,Cubes
257,Oatdrink
258,Pouch
259,Pouches
260,Bagel
261,Pasture
262,Creamer
263,Sweet
264,Bread
265,Empanadas
266,Raclette
267,Cremeux
268,Honeycomb
269,Kefir
